{
  "project_info": {
    "project_number": "1018212862136",
    "project_id": "fir-flutter-codelab-12a47",
    "storage_bucket": "fir-flutter-codelab-12a47.appspot.com"
  },
  "client": [
    {
      "client_info": {
        "mobilesdk_app_id": "1:1018212862136:android:6f00e5edea6d3a0c080c4d",
        "android_client_info": {
          "package_name": "com.dome.app"
        }
      },
      "oauth_client": [],
      "api_key": [
        {
          "current_key": "AIzaSyBZwMgwpQ9dr-huj5FzIK_gLZePd0-4GIY"
        }
      ],
      "services": {
        "appinvite_service": {
          "other_platform_oauth_client": []
        }
      }
    }
  ],
  "configuration_version": "1"
}