{"flutter":{"platforms":{"android":{"default":{"projectId":"fir-flutter-codelab-12a47","appId":"1:1018212862136:android:6f00e5edea6d3a0c080c4d","fileOutput":"android/app/google-services.json"}},"dart":{"lib/firebase_options.dart":{"projectId":"fir-flutter-codelab-12a47","configurations":{"android":"1:1018212862136:android:6f00e5edea6d3a0c080c4d","ios":"1:1018212862136:ios:9224c371fc2924bd080c4d","macos":"1:1018212862136:ios:9224c371fc2924bd080c4d","web":"1:1018212862136:web:fb3bc97c07bc4908080c4d","windows":"1:1018212862136:web:7f362046f50949e9080c4d"}}}}}}